{
  "metrics": {
    "http_req_receiving": {
      "type": "trend",
      "contains": "time",
      "values": {
        "p(90)": 0.8744600000000002,
        "p(95)": 0.9686899999999999,
        "avg": 0.306880011574912,
        "min": 0,
        "med": 0,
        "max": 10.5398
      }
    },
    "http_req_duration{expected_response:true}": {
      "type": "trend",
      "contains": "time",
      "values": {
        "min": 0.5031,
        "med": 27.24885,
        "max": 790.8753,
        "p(90)": 88.74895000000002,
        "p(95)": 133.7739249999995,
        "avg": 39.56659780498397
      }
    },
    "vus": {
      "type": "gauge",
      "contains": "default",
      "values": {
        "value": 5,
        "min": 1,
        "max": 120
      }
    },
    "http_req_duration": {
      "type": "trend",
      "contains": "time",
      "values": {
        "p(95)": 133.47904,
        "avg": 39.51937336323511,
        "min": 0.5031,
        "med": 27.1567,
        "max": 790.8753,
        "p(90)": 88.67722000000009
      },
      "thresholds": {
        "p(95)<1000": {
          "ok": true
        }
      }
    },
    "vus_max": {
      "type": "gauge",
      "contains": "default",
      "values": {
        "value": 120,
        "min": 120,
        "max": 120
      }
    },
    "http_req_sending": {
      "type": "trend",
      "contains": "time",
      "values": {
        "p(90)": 0,
        "p(95)": 0,
        "avg": 0.014127671272516825,
        "min": 0,
        "med": 0,
        "max": 3.2759
      }
    },
    "data_sent": {
      "type": "counter",
      "contains": "data",
      "values": {
        "rate": 36822.05252414166,
        "count": 7760321
      }
    },
    "checks": {
      "contains": "default",
      "values": {
        "passes": 18540,
        "fails": 546,
        "rate": 0.9713926438226973
      },
      "type": "rate"
    },
    "group_duration": {
      "contains": "time",
      "values": {
        "avg": 64.66346044784942,
        "min": 0.6274,
        "med": 44.3614,
        "max": 924.0776,
        "p(90)": 144.34944,
        "p(95)": 197.89015999999998
      },
      "type": "trend"
    },
    "http_req_blocked": {
      "type": "trend",
      "contains": "time",
      "values": {
        "med": 0,
        "max": 4.5189,
        "p(90)": 0,
        "p(95)": 0,
        "avg": 0.010131925052448821,
        "min": 0
      }
    },
    "http_req_failed": {
      "values": {
        "rate": 0.001374520726325689,
        "passes": 19,
        "fails": 13804
      },
      "thresholds": {
        "rate<0.1": {
          "ok": true
        }
      },
      "type": "rate",
      "contains": "default"
    },
    "http_req_duration{operation:delete}": {
      "type": "trend",
      "contains": "time",
      "values": {
        "min": 14.2923,
        "med": 34.4477,
        "max": 381.2764,
        "p(90)": 106.81644999999997,
        "p(95)": 146.2815250000001,
        "avg": 56.41418767060973
      },
      "thresholds": {
        "p(95)<800": {
          "ok": true
        }
      }
    },
    "iteration_duration": {
      "values": {
        "med": 1565.8719,
        "max": 2998.8739,
        "p(90)": 2354.03126,
        "p(95)": 2464.6437,
        "avg": 1563.2373203417771,
        "min": 507.532
      },
      "type": "trend",
      "contains": "time"
    },
    "iterations": {
      "type": "counter",
      "contains": "default",
      "values": {
        "count": 8485,
        "rate": 40.26059175481814
      }
    },
    "http_req_duration{operation:read}": {
      "type": "trend",
      "contains": "time",
      "values": {
        "med": 2.40175,
        "max": 309.335,
        "p(90)": 5.752019999999998,
        "p(95)": 10.459299999999974,
        "avg": 5.0186886149584575,
        "min": 0.5031
      },
      "thresholds": {
        "p(95)<500": {
          "ok": true
        }
      }
    },
    "data_received": {
      "contains": "data",
      "values": {
        "count": 23971274,
        "rate": 113741.62361306851
      },
      "type": "counter"
    },
    "http_req_connecting": {
      "type": "trend",
      "contains": "time",
      "values": {
        "avg": 0.007232612312811977,
        "min": 0,
        "med": 0,
        "max": 4.5189,
        "p(90)": 0,
        "p(95)": 0
      }
    },
    "http_req_tls_handshaking": {
      "type": "trend",
      "contains": "time",
      "values": {
        "avg": 0,
        "min": 0,
        "med": 0,
        "max": 0,
        "p(90)": 0,
        "p(95)": 0
      }
    },
    "http_req_duration{operation:create}": {
      "thresholds": {
        "p(95)<1500": {
          "ok": true
        }
      },
      "type": "trend",
      "contains": "time",
      "values": {
        "med": 56.33945,
        "max": 790.8753,
        "p(90)": 137.43680000000012,
        "p(95)": 190.56165,
        "avg": 70.65902140186908,
        "min": 12.2507
      }
    },
    "http_req_duration{operation:update}": {
      "type": "trend",
      "contains": "time",
      "values": {
        "max": 738.1231,
        "p(90)": 109.55828000000021,
        "p(95)": 167.08955999999998,
        "avg": 57.560497805642676,
        "min": 1.6934,
        "med": 40.2784
      },
      "thresholds": {
        "p(95)<1200": {
          "ok": true
        }
      }
    },
    "http_reqs": {
      "contains": "default",
      "values": {
        "count": 13823,
        "rate": 65.58894046279919
      },
      "type": "counter"
    },
    "http_req_waiting": {
      "type": "trend",
      "contains": "time",
      "values": {
        "avg": 39.19836568038783,
        "min": 0,
        "med": 26.8697,
        "max": 790.2931,
        "p(90)": 88.48194,
        "p(95)": 133.0239
      }
    }
  },
  "setup_data": {
    "token": "eyJhbGciOiJIUzI1NiIsInR5cCI6IkpXVCJ9.eyJ1c2VySWQiOjYsInVzZXJuYW1lIjoiYWRtaW4iLCJwZXJmaWwiOiJhZG1pbiIsInBlcm1pc29zIjpbIkluaWNpbyIsIkFzaWduYXIiLCJDbGllbnRlIiwiVmVudGFzIiwiUHJvZHVjdG9zIiwiU2VydmljaW9zIiwiUHJvdmVlZG9yZXMiLCJSZXBvcnRlcyJdLCJpYXQiOjE3NTU0MDIyODEsImV4cCI6MTc1NTQ4ODY4MX0.iCDEowDwaZzhuqXRGmSVuYyRlx1LDTdHPmMzklGfVrE"
  },
  "root_group": {
    "id": "d41d8cd98f00b204e9800998ecf8427e",
    "groups": [
      {
        "name": "CRUD Operations - proveedores",
        "path": "::CRUD Operations - proveedores",
        "id": "ffd8958dff85e09b2e7bd098a1a0fd9c",
        "groups": [],
        "checks": [
            {
              "name": "List proveedores status 200",
              "path": "::CRUD Operations - proveedores::List proveedores status 200",
              "id": "83cec7abd0da31bfd7d762d2f316f259",
              "passes": 489,
              "fails": 0
            },
            {
              "path": "::CRUD Operations - proveedores::List proveedores has data",
              "id": "38b89e206925d5444b70cda6891ac1c2",
              "passes": 489,
              "fails": 0,
              "name": "List proveedores has data"
            },
            {
              "id": "7ad245c68ca35ba8d61e031468dcc5f6",
              "passes": 488,
              "fails": 1,
              "name": "Get proveedores by ID status 200",
              "path": "::CRUD Operations - proveedores::Get proveedores by ID status 200"
            },
            {
              "name": "Get proveedores by ID has data",
              "path": "::CRUD Operations - proveedores::Get proveedores by ID has data",
              "id": "2e2a32a9e3cceab976c42de7d3b5fd35",
              "passes": 488,
              "fails": 1
            },
            {
              "name": "Create proveedores status 201",
              "path": "::CRUD Operations - proveedores::Create proveedores status 201",
              "id": "40710550ea04ce2ca0a0006f962b2e1a",
              "passes": 522,
              "fails": 0
            },
            {
              "id": "add4c28b79d0f077e2b96c25c93c002f",
              "passes": 522,
              "fails": 0,
              "name": "Create proveedores has ID",